{
  "addition_v2": {
    "gr": [
      0.677842105263158,
      0.015923884045750028,
      0.09603157894736841,
      0.09946111087343275,
      5
    ],
    "noi": [
      0.7483157894736842,
      0.00503193862033863,
      0.8296666666666667,
      0.018907576800038878,
      3
    ],
    "filt": [
      0.7622105263157893,
      0.006652015294572365,
      0.3786491228070175,
      0.04792057011680994,
      3
    ],
    "verif": [
      0.5443333333333333,
      0.01761312641816384,
      0.20966666666666667,
      0.035311313893551015,
      3
    ],
    "base": [
      0.23090000000000002,
      0.017952437160452618,
      0.20860000000000004,
      0.008428523002282187,
      10
    ],
    "best_rp": {
      "label": "v=5",
      "agg": [
        0.766578947368421,
        0.006885825230452706,
        0.3321929824561403,
        0.06336051319390114,
        3
      ]
    }
  },
  "cities_qa": {
    "gr": [
      0.7348421052631579,
      0.021410277905716212,
      0.0012210526315789474,
      0.0005864584537761734,
      5
    ],
    "noi": [
      0.8429473684210527,
      0.004736842105263206,
      0.7928947368421053,
      0.009421052631578941,
      2
    ],
    "filt": [
      0.8437631578947368,
      0.01365789473684198,
      0.4417894736842105,
      0.004157894736842138,
      2
    ],
    "verif": [
      0.4843333333333333,
      0.014613540144521995,
      0.10533333333333332,
      0.012657891697365016,
      3
    ],
    "base": [
      0.1738,
      0.0124,
      0.08879999999999999,
      0.019379370474811614,
      10
    ],
    "best_rp": {
      "label": "1:1",
      "agg": [
        0.8446315789473684,
        0.0056570174758496855,
        0.2751228070175438,
        0.05704397767819639,
        3
      ]
    }
  },
  "object_qa": {
    "gr": [
      0.530578947368421,
      0.006823699941118969,
      0.032294736842105265,
      0.020952752547939376,
      5
    ],
    "noi": [
      0.6925263157894737,
      0.02174472054667096,
      0.5040701754385964,
      0.0074611128929754555,
      3
    ],
    "filt": [
      0.6799298245614035,
      0.006525230998317931,
      0.3675263157894737,
      0.012856836532134782,
      3
    ],
    "verif": [
      0.336,
      0.0032659863237109073,
      0.17333333333333334,
      0.02735365098523819,
      3
    ],
    "base": [
      0.1004,
      0.014947909552843837,
      0.1464,
      0.023757946039167612,
      10
    ],
    "best_rp": {
      "label": "1:1",
      "agg": [
        0.7422105263157895,
        0.020977937669912503,
        0.18438596491228068,
        0.11675285300903554,
        3
      ]
    }
  },
  "persona_qa": {
    "gr": [
      0.40013684210526324,
      0.05150828242035191,
      0.0011368421052631579,
      0.0010365080947445197,
      5
    ],
    "noi": [
      0.41121052631578947,
      0.0036372952722465175,
      0.49677192982456136,
      0.003443605374423942,
      3
    ],
    "filt": [
      0.5926315789473683,
      0.009909283819589281,
      0.28461403508771926,
      0.013612113266415189,
      3
    ],
    "verif": [
      0.228,
      0.03127299154222379,
      0.015666666666666666,
      0.006128258770283412,
      3
    ],
    "base": [
      0.1886,
      0.01688312767232423,
      0.023899999999999998,
      0.010830050784737807,
      10
    ],
    "best_rp": {
      "label": "1:1",
      "agg": [
        0.7831052631578946,
        0.026669240411346374,
        0.0014736842105263156,
        0.0007492686492653552,
        3
      ]
    }
  },
  "repeat_extra": {
    "gr": [
      0.9269555555555555,
      0.009078423749626228,
      0.0,
      0.0,
      5
    ],
    "noi": [
      0.9578888888888889,
      0.019071664716582247,
      0.4461481481481482,
      0.06519400192898998,
      3
    ],
    "filt": [
      0.9733703703703704,
      0.01024085794588338,
      0.22996296296296295,
      0.01903653263490872,
      3
    ],
    "verif": [
      0.7436666666666666,
      0.011897712198383176,
      0.03733333333333333,
      0.020270394394014363,
      3
    ],
    "base": [
      0.5498999999999999,
      0.025149353868439618,
      0.0103,
      0.007457211275000863,
      10
    ],
    "best_rp": {
      "label": "p=5",
      "agg": [
        0.9725925925925926,
        0.01318757781037901,
        0.1799259259259259,
        0.03200467215549194,
        3
      ]
    }
  },
  "sorting_copy": {
    "gr": [
      0.5685368421052631,
      0.046142227431654886,
      0.03383157894736842,
      0.001604840323949382,
      5
    ],
    "noi": [
      0.42619298245614035,
      0.017922029410654634,
      0.5001578947368421,
      0.009879420770232954,
      3
    ],
    "filt": [
      0.503982456140351,
      0.013419045830930721,
      0.4156842105263158,
      0.0024065162385237945,
      3
    ],
    "verif": [
      0.30466666666666664,
      0.011728408057172799,
      0.13533333333333333,
      0.029227080289043965,
      3
    ],
    "base": [
      0.07869999999999999,
      0.0067535176019612175,
      0.0518,
      0.014048487463068755,
      10
    ],
    "best_rp": {
      "label": "1:2",
      "agg": [
        0.5424561403508773,
        0.02177600793054585,
        0.32059649122807016,
        0.004436134120395116,
        3
      ]
    }
  },
  "topic_contains": {
    "gr": [
      0.5700222222222223,
      0.046509173394896415,
      0.07435555555555556,
      0.05312586498932698,
      5
    ],
    "noi": [
      0.6417777777777779,
      0.008058939263799754,
      0.48,
      0.013581335534369198,
      3
    ],
    "filt": [
      0.5971851851851852,
      0.0056323093037650785,
      0.2405185185185185,
      0.0014665918424609918,
      3
    ],
    "verif": [
      0.5153333333333333,
      0.016357125528513743,
      0.159,
      0.01003327796219495,
      3
    ],
    "base": [
      0.3806,
      0.014478950238190624,
      0.2792,
      0.02295125268912352,
      10
    ],
    "best_rp": {
      "label": "p=10",
      "agg": [
        0.5877777777777778,
        0.010437744107689783,
        0.2394814814814815,
        0.003128698086213765,
        3
      ]
    }
  }
}