{
  "addition_v2": {
    "gr": [
      0.677842105263158,
      0.015923884045750028,
      0.09603157894736841,
      0.09946111087343275,
      5
    ],
    "noi": [
      0.7483157894736842,
      0.00503193862033863,
      0.8296666666666667,
      0.018907576800038878,
      3
    ],
    "noi_ro": [
      0.6081754385964913,
      0.011405910678218946,
      0.24589473684210528,
      0.01971631681276011,
      3
    ],
    "filt": [
      0.7622105263157893,
      0.006652015294572365,
      0.3786491228070175,
      0.04792057011680994,
      3
    ],
    "verif": [
      0.5443333333333333,
      0.01761312641816384,
      0.20966666666666667,
      0.035311313893551015,
      3
    ],
    "base": [
      0.23090000000000002,
      0.017952437160452618,
      0.20860000000000004,
      0.008428523002282187,
      10
    ],
    "best_rp": {
      "label": "v=5",
      "agg": [
        0.766578947368421,
        0.006885825230452706,
        0.3321929824561403,
        0.06336051319390114,
        3
      ]
    },
    "gr_pf": [
      0.6592,
      0.042836433091470165,
      0.08900000000000001,
      0.08950530710522142,
      5
    ],
    "gr_pf_excl": [
      0.47,
      0.23333666664285746,
      0.02233333333333333,
      0.02028683207293725,
      3
    ]
  },
  "cities_qa": {
    "gr": [
      0.7348421052631579,
      0.021410277905716212,
      0.0012210526315789474,
      0.0005864584537761734,
      5
    ],
    "noi": [
      0.8429473684210527,
      0.004736842105263206,
      0.7928947368421053,
      0.009421052631578941,
      2
    ],
    "noi_ro": [
      0.6133947368421053,
      0.011763157894736864,
      0.1018421052631579,
      0.019157894736842096,
      2
    ],
    "filt": [
      0.8437631578947368,
      0.01365789473684198,
      0.4417894736842105,
      0.004157894736842138,
      2
    ],
    "verif": [
      0.4843333333333333,
      0.014613540144521995,
      0.10533333333333332,
      0.012657891697365016,
      3
    ],
    "base": [
      0.1738,
      0.0124,
      0.08879999999999999,
      0.019379370474811614,
      10
    ],
    "best_rp": {
      "label": "1:1",
      "agg": [
        0.8446315789473684,
        0.0056570174758496855,
        0.2751228070175438,
        0.05704397767819639,
        3
      ]
    },
    "gr_pf": [
      0.7628,
      0.01423235749972577,
      0.009600000000000001,
      0.00571314274283428,
      5
    ],
    "gr_pf_excl": [
      0.5626666666666666,
      0.13033375959009577,
      0.052333333333333336,
      0.012684198393626965,
      3
    ]
  },
  "object_qa": {
    "gr": [
      0.530578947368421,
      0.006823699941118969,
      0.032294736842105265,
      0.020952752547939376,
      5
    ],
    "noi": [
      0.6925263157894737,
      0.02174472054667096,
      0.5040701754385964,
      0.0074611128929754555,
      3
    ],
    "noi_ro": [
      0.443140350877193,
      0.011108907137522089,
      0.3288245614035088,
      0.13063008278638608,
      3
    ],
    "filt": [
      0.6799298245614035,
      0.006525230998317931,
      0.3675263157894737,
      0.012856836532134782,
      3
    ],
    "verif": [
      0.336,
      0.0032659863237109073,
      0.17333333333333334,
      0.02735365098523819,
      3
    ],
    "base": [
      0.1004,
      0.014947909552843837,
      0.1464,
      0.023757946039167612,
      10
    ],
    "best_rp": {
      "label": "1:1",
      "agg": [
        0.7422105263157895,
        0.020977937669912503,
        0.18438596491228068,
        0.11675285300903554,
        3
      ]
    },
    "gr_pf": [
      0.5846,
      0.031148675734290834,
      0.0214,
      0.012753038853543886,
      5
    ],
    "gr_pf_excl": [
      0.621,
      0.036083237105337465,
      0.006000000000000001,
      0.0016329931618554523,
      3
    ]
  },
  "persona_qa": {
    "gr": [
      0.4370736842105264,
      0.033965790187291255,
      0.0008842105263157896,
      0.0006159468984559071,
      5
    ],
    "noi": [
      0.6728210526315789,
      0.05808374506213603,
      0.5364105263157894,
      0.008490137671035129,
      5
    ],
    "noi_ro": [
      0.44518947368421047,
      0.030470831609054724,
      0.3047684210526316,
      0.09204571067239144,
      5
    ],
    "filt": [
      0.5997263157894738,
      0.02265016128185807,
      0.27082105263157896,
      0.007497412295968107,
      5
    ],
    "verif": [
      0.28603999999999996,
      0.006377962056958309,
      0.0428,
      0.007139747894708885,
      5
    ],
    "base": [
      0.196,
      0.017046993869888033,
      0.0358,
      0.008908422980528035,
      10
    ],
    "best_rp": {
      "label": "1:1",
      "agg": [
        0.7531157894736842,
        0.008235885264753455,
        0.2315894736842105,
        0.002965806986358419,
        5
      ]
    },
    "gr_pf": [
      0.5316,
      0.02618854711510357,
      0.027800000000000002,
      0.010303397497913007,
      5
    ],
    "gr_pf_excl": [
      0.5483333333333333,
      0.04141121694527809,
      0.011000000000000001,
      0.00993310961716756,
      3
    ]
  },
  "repeat_extra": {
    "gr": [
      0.9269555555555555,
      0.009078423749626228,
      0.0,
      0.0,
      5
    ],
    "noi": [
      0.9578888888888889,
      0.019071664716582247,
      0.4461481481481482,
      0.06519400192898998,
      3
    ],
    "noi_ro": [
      0.9375185185185185,
      0.013509433781524452,
      0.1962962962962963,
      0.02371735717886944,
      3
    ],
    "filt": [
      0.9733703703703704,
      0.01024085794588338,
      0.22996296296296295,
      0.01903653263490872,
      3
    ],
    "verif": [
      0.7436666666666666,
      0.011897712198383176,
      0.03733333333333333,
      0.020270394394014363,
      3
    ],
    "base": [
      0.5498999999999999,
      0.025149353868439618,
      0.0103,
      0.007457211275000863,
      10
    ],
    "best_rp": {
      "label": "p=5",
      "agg": [
        0.9725925925925926,
        0.01318757781037901,
        0.1799259259259259,
        0.03200467215549194,
        3
      ]
    },
    "gr_pf": [
      0.9383999999999999,
      0.012563439019631492,
      0.0026,
      0.0024166091947189143,
      5
    ],
    "gr_pf_excl": [
      0.866,
      0.15556563459410522,
      0.20433333333333334,
      0.14503869215565282,
      3
    ]
  },
  "sorting_copy": {
    "gr": [
      0.5685368421052631,
      0.046142227431654886,
      0.03383157894736842,
      0.001604840323949382,
      5
    ],
    "noi": [
      0.42619298245614035,
      0.017922029410654634,
      0.5001578947368421,
      0.009879420770232954,
      3
    ],
    "noi_ro": [
      0.2552631578947369,
      0.00807581801213333,
      0.45824561403508773,
      0.035478013514083744,
      3
    ],
    "filt": [
      0.503982456140351,
      0.013419045830930721,
      0.4156842105263158,
      0.0024065162385237945,
      3
    ],
    "verif": [
      0.30466666666666664,
      0.011728408057172799,
      0.13533333333333333,
      0.029227080289043965,
      3
    ],
    "base": [
      0.07869999999999999,
      0.0067535176019612175,
      0.0518,
      0.014048487463068755,
      10
    ],
    "best_rp": {
      "label": "1:2",
      "agg": [
        0.5424561403508773,
        0.02177600793054585,
        0.32059649122807016,
        0.004436134120395116,
        3
      ]
    },
    "gr_pf": [
      0.6602,
      0.04845368923002666,
      0.0588,
      0.00870402205879558,
      5
    ],
    "gr_pf_excl": [
      0.21533333333333335,
      0.09338926895289178,
      0.024999999999999998,
      0.0045460605656619515,
      3
    ]
  },
  "topic_contains": {
    "gr": [
      0.5700222222222223,
      0.046509173394896415,
      0.07435555555555556,
      0.05312586498932698,
      5
    ],
    "noi": [
      0.6417777777777779,
      0.008058939263799754,
      0.48,
      0.013581335534369198,
      3
    ],