{
  "addition_v2": {
    "gr": [
      0.7427789473684211,
      0.02385186044184811,
      0.11158947368421053,
      0.11343152424489752,
      5
    ],
    "noi": [
      0.8317894736842105,
      0.0012283207764361365,
      0.8760701754385964,
      0.013345354691563798,
      3
    ],
    "noi_ro": [
      0.6438070175438597,
      0.011782292090014955,
      0.26429824561403503,
      0.02039247110598803,
      3
    ],
    "filt": [
      0.8430701754385965,
      0.0010190551390496573,
      0.4424035087719298,
      0.021907483356691144,
      3
    ],
    "verif": [
      0.511,
      0.016872067646458367,
      0.16666666666666666,
      0.031478387647541434,
      3
    ],
    "base": [
      0.2395,
      0.026000961520682275,
      0.2032,
      0.02124994117638917,
      10
    ],
    "best_rp": {
      "label": "v=5",
      "agg": [
        0.8506842105263158,
        0.001315438549695109,
        0.4096315789473684,
        0.03045666585366023,
        3
      ]
    }
  },
  "cities_qa": {
    "gr": [
      0.7643684210526316,
      0.026231971780449607,
      0.0010947368421052634,
      0.0006301738756671901,
      5
    ],
    "noi": [
      0.8652105263157894,
      0.006736842105263208,
      0.879921052631579,
      0.004868421052631577,
      2
    ],
    "noi_ro": [
      0.5973421052631578,
      2.6315789473707607e-05,
      0.126,
      0.026578947368421056,
      2
    ],
    "filt": [
      0.8498947368421053,
      0.011157894736842089,
      0.43542105263157893,
      0.0028947368421052277,
      2
    ],
    "verif": [
      0.5233333333333333,
      0.027535835237417868,
      0.11466666666666665,
      0.016006942938057295,
      3
    ],
    "base": [
      0.13119999999999998,
      0.030317651624095165,
      0.08909999999999998,
      0.027046071803498557,
      10
    ],
    "best_rp": {
      "label": "1:1",
      "agg": [
        0.8643157894736841,
        0.0057774995789736956,
        0.2624912280701755,
        0.059786112046176995,
        3
      ]
    }
  },
  "object_qa": {
    "gr": [
      0.5099263157894738,
      0.020409236950669842,
      0.037568421052631584,
      0.02503239784415898,
      5
    ],
    "noi": [
      0.594421052631579,
      0.019769633578269052,
      0.8684736842105263,
      0.015688154455268905,
      3
    ],
    "noi_ro": [
      0.3967719298245614,
      0.013969650082324573,
      0.5028771929824561,
      0.18184763407612098,
      3
    ],
    "filt": [
      0.5683157894736842,
      0.01207524883176457,
      0.5853508771929824,
      0.025173317350574678,
      3
    ],
    "verif": [
      0.26566666666666666,
      0.006128258770283417,
      0.18200000000000002,
      0.02426245384677047,
      3
    ],
    "base": [
      0.08359999999999998,
      0.014833745312630925,
      0.154,
      0.0371618083521241,
      10
    ],
    "best_rp": {
      "label": "1:1",
      "agg": [
        0.7292456140350877,
        0.023604244470707674,
        0.23378947368421046,
        0.16023457527504292,
        3
      ]
    }
  },
  "persona_qa": {
    "gr": [
      0.21746315789473686,
      0.011171213500794449,
      0.001431578947368421,
      0.0009820550559739452,
      5
    ],
    "noi": [
      0.5512947368421053,
      0.1015523968573821,
      0.9937789473684212,
      0.001999556737583195,
      5
    ],
    "noi_ro": [
      0.2297578947368421,
      0.03299931334801442,
      0.5870210526315789,
      0.1714561349295677,
      5
    ],
    "filt": [
      0.4023052631578947,
      0.02816511270006216,
      0.5102210526315789,
      0.013426455053023454,
      5
    ],
    "verif": [
      0.17447999999999997,
      0.005531871292790515,
      0.0618,
      0.010727161786791511,
      5
    ],
    "base": [
      0.0742,
      0.013687950905814936,
      0.059399999999999994,
      0.01640243884305014,
      10
    ],
    "best_rp": {
      "label": "1:1",
      "agg": [
        0.7202526315789475,
        0.016768834038592247,
        0.4548210526315789,
        0.0044995044356245534,
        5
      ]
    }
  },
  "repeat_extra": {
    "gr": [
      0.9396222222222221,
      0.0060117580263929936,
      0.0,
      0.0,
      5
    ],
    "noi": [
      0.953925925925926,
      0.02520734319383211,
      0.6725925925925926,
      0.10952160593852035,
      3
    ],
    "noi_ro": [
      0.960851851851852,
      0.0010823436441631644,
      0.3341851851851852,
      0.04646520299281214,
      3
    ],
    "filt": [
      0.9775925925925927,
      0.010718367502583539,
      0.3471851851851852,
      0.019550995540171274,
      3
    ],
    "verif": [
      0.9026666666666667,
      0.015520595635763768,
      0.046000000000000006,
      0.027067816067549055,
      3
    ],
    "base": [
      0.6101,
      0.03434661555379221,
      0.013800000000000002,
      0.00957914401186244,
      10
    ],
    "best_rp": {
      "label": "1:2",
      "agg": [
        0.982074074074074,
        0.00387705430302272,
        0.28270370370370373,
        0.029118790806833425,
        3
      ]
    }
  },
  "sorting_copy": {
    "gr": [
      0.6189157894736842,
      0.05533582790937086,
      0.0378421052631579,
      0.0035292211126606776,
      5
    ],
    "noi": [
      0.23292982456140354,
      0.012843279593512861,
      0.8841929824561404,
      0.018602829108670834,
      3
    ],
    "noi_ro": [
      0.20303508771929826,
      0.0036233910578036817,
      0.6818245614035087,
      0.031421606076213575,
      3
    ],
    "filt": [
      0.33529824561403515,
      0.00477321963992799,
      0.7199649122807017,
      0.0028911727128067646,
      3
    ],
    "verif": [
      0.31033333333333335,
      0.02458093208611549,
      0.12466666666666666,
      0.03879289740260308,
      3
    ],
    "base": [
      0.07139999999999999,
      0.00815107354892593,
      0.06000000000000001,
      0.023315231073270538,
      10
    ],
    "best_rp": {
      "label": "1:2",
      "agg": [
        0.4246666666666667,
        0.02159179477773001,
        0.5668070175438596,
        0.00792978574745976,
        3
      ]
    }
  },
  "topic_contains": {
    "gr": [
      0.5663111111111112,
      0.06690540216982611,
      0.14493333333333333,
      0.10404478143189055,
      5
    ],
    "noi": [
      0.6158518518518519,
      0.018929658253418673,
      0.9444444444444445,
      0.02718674937471906,
      3
    ],
    "noi_ro": [
      0.46103703703703697,
      0.058493032424808133,
      0.9277037037037038,
      0.04411398752944012,
      3
    ],
    "filt": [
      0.4545925925925926,
      0.008665875240850532,
      0.4738518518518519,
      0.0025920634380626117,
      3
    ],
    "verif": [
      0.5696666666666667,
      0.019154343864744825,
      0.31033333333333335,
      0.023795424396766324,
      3
    ],
    "base": [
      0.33540000000000003,
      0.018336848147923347,
      0.5502,
      0.04520132741413685,
      10
    ],
    "best_rp": {
      "label": "v=5",
      "agg": [
        0.5064444444444446,
        0.006624558374907069,
        0.4747037037037037,
        0.000377705149155017,
        3
      ]
    }
  }
}