{
  "addition_v2": {
    "gr": [
      0.677842105263158,
      0.015923884045750028,
      0.09603157894736841,
      0.09946111087343275,
      5
    ],
    "noi": [
      0.7483157894736842,
      0.00503193862033863,
      0.8296666666666667,
      0.018907576800038878,
      3
    ],
    "noi_ro": [
      0.6081754385964913,
      0.011405910678218946,
      0.24589473684210528,
      0.01971631681276011,
      3
    ],
    "filt": [
      0.7622105263157893,
      0.006652015294572365,
      0.3786491228070175,
      0.04792057011680994,
      3
    ],
    "verif": [
      0.5443333333333333,
      0.01761312641816384,
      0.20966666666666667,
      0.035311313893551015,
      3
    ],
    "flr": [
      0.7462842105263158,
      0.0076885784269360505,
      0.3216842105263158,
      0.03090777990612977,
      5
    ],
    "anti": [
      0.7311447368421052,
      0.0013552631578948038,
      0.030901315789473686,
      0.02984868421052632,
      2
    ],
    "both": [
      0.7524421052631579,
      0.00322057099942337,
      0.3571578947368421,
      0.01658292906795301,
      3
    ],
    "wd": [
      0.6687426257952575,
      0.039089027000357955,
      0.045721997300944665,
      0.03642666892989187,
      3
    ],
    "fn2": [
      0.7420555555555556,
      0.004418151392652279,
      0.33746759259259257,
      0.006881757185602474,
      3
    ],
    "bsm": [
      0.6049493464052287,
      0.006772875816993429,
      0.0029281045751633986,
      0.0015163398692810456,
      2
    ],
    "base": [
      0.23090000000000002,
      0.017952437160452618,
      0.20860000000000004,
      0.008428523002282187,
      10
    ],
    "best_rp": {
      "label": "v=5",
      "agg": [
        0.766578947368421,
        0.006885825230452706,
        0.3321929824561403,
        0.06336051319390114,
        3
      ]
    }
  },
  "cities_qa": {
    "gr": [
      0.7348421052631579,
      0.021410277905716212,
      0.0012210526315789474,
      0.0005864584537761734,
      5
    ],
    "noi": [
      0.8429473684210527,
      0.004736842105263206,
      0.7928947368421053,
      0.009421052631578941,
      2
    ],
    "noi_ro": [
      0.6133947368421053,
      0.011763157894736864,
      0.1018421052631579,
      0.019157894736842096,
      2
    ],
    "filt": [
      0.8437631578947368,
      0.01365789473684198,
      0.4417894736842105,
      0.004157894736842138,
      2
    ],
    "verif": [
      0.4843333333333333,
      0.014613540144521995,
      0.10533333333333332,
      0.012657891697365016,
      3
    ],
    "flr": [
      0.8255894736842105,
      0.009994979349071438,
      0.10545263157894738,
      0.08345489003264045,
      5
    ],
    "anti": [
      0.7718421052631579,
      0.0,
      0.0004210526315789474,
      0.0,
      1
    ],
    "both": [
      0.8159122807017544,
      0.009459476025278649,
      0.05316959064327487,
      0.07226712717211291,
      3
    ],
    "wd": null,
    "fn2": null,
    "bsm": null,
    "base": [
      0.1738,
      0.0124,
      0.08879999999999999,
      0.019379370474811614,
      10
    ],
    "best_rp": {
      "label": "1:1",
      "agg": [
        0.8446315789473684,
        0.0056570174758496855,
        0.2751228070175438,
        0.05704397767819639,
        3
      ]
    }
  },
  "object_qa": {
    "gr": [
      0.530578947368421,
      0.006823699941118969,
      0.032294736842105265,
      0.020952752547939376,
      5
    ],
    "noi": [
      0.6925263157894737,
      0.02174472054667096,
      0.5040701754385964,
      0.0074611128929754555,
      3
    ],
    "noi_ro": [
      0.443140350877193,
      0.011108907137522089,
      0.3288245614035088,
      0.13063008278638608,
      3
    ],
    "filt": [
      0.6799298245614035,
      0.006525230998317931,
      0.3675263157894737,
      0.012856836532134782,
      3
    ],
    "verif": [
      0.336,
      0.0032659863237109073,
      0.17333333333333334,
      0.02735365098523819,
      3
    ],
    "flr": [
      0.6422315789473685,
      0.017009353789709077,
      0.2409894736842105,
      0.06145145055751953,
      5
    ],
    "anti": [
      0.5007836257309942,
      0.06827826806895601,
      0.023485380116959068,
      0.012466450994437163,
      3
    ],
    "both": [
      0.6051228070175437,
      0.057846380656023225,
      0.3068421052631579,
      0.03427526937150724,
      3
    ],
    "wd": [
      0.5627173489278752,
      0.010412852133778802,
      0.01182066276803119,
      0.012663973093928584,
      3
    ],
    "fn2": [
      0.6332392191142191,
      0.01614310635548956,
      0.14919449300699303,
      0.1450612378204343,
      3
    ],
    "bsm": [
      0.45523684210526316,
      0.023815789473684207,
      0.003368421052631579,
      0.001052631578947368,
      2
    ],
    "base": [
      0.1004,
      0.014947909552843837,
      0.1464,
      0.023757946039167612,
      10
    ],
    "best_rp": {
      "label": "1:1",
      "agg": [
        0.7422105263157895,
        0.020977937669912503,
        0.18438596491228068,
        0.11675285300903554,
        3
      ]
    }
  },
  "persona_qa": {
    "gr": [
      0.4370736842105264,
      0.033965790187291255,
      0.0008842105263157896,
      0.0006159468984559071,
      5
    ],
    "noi": [
      0.6728210526315789,
      0.05808374506213603,
      0.5364105263157894,
      0.008490137671035129,
      5
    ],
    "noi_ro": [
      0.44518947368421047,
      0.030470831609054724,
      0.3047684210526316,
      0.09204571067239144,
      5
    ],
    "filt": [
      0.5997263157894738,
      0.02265016128185807,
      0.27082105263157896,
      0.007497412295968107,
      5
    ],
    "verif": [
      0.28603999999999996,
      0.006377962056958309,
      0.0428,
      0.007139747894708885,
      5
    ],
    "flr": [
      0.5055157894736843,
      0.01747845210791398,
      0.006494736842105264,
      0.006934885116492369,
      5
    ],
    "anti": [
      0.39555000000000007,
      0.08955000000000005,
      0.028399999999999998,
      0.0276,
      2
    ],
    "both": [
      0.49247368421052623,
      0.040553055657698074,
      0.2152982456140351,
      0.011746030022899727,
      3
    ],
    "wd": [
      0.4195646464646465,
      0.026587786266118525,
      0.000536026936026936,
      0.00018955002920683294,
      3
    ],
    "fn2": [
      0.4951116938616939,
      0.03693153551439272,
      0.017008547008547013,
      0.0203116776428441,
      3
    ],
    "bsm": [
      0.3519473684210527,
      0.014578947368421025,
      0.0028421052631578954,
      0.00010526315789473675,
      2
    ],
    "base": [
      0.196,
      0.017046993869888033,
      0.0358,
      0.008908422980528035,
      10
    ],
    "best_rp": {
      "label": "1:1",
      "agg": [
        0.7531157894736842,
        0.008235885264753455,
        0.2315894736842105,
        0.002965806986358419,
        5
      ]
    }
  },
  "repeat_extra": {
    "gr": [
      0.9269555555555555,
      0.009078423749626228,
      0.0,
      0.0,
      5
    ],
    "noi": [
      0.9578888888888889,
      0.019071664716582247,
      0.4461481481481482,
      0.06519400192898998,
      3
    ],
    "noi_ro": [
      0.9375185185185185,
      0.013509433781524452,
      0.1962962962962963,
      0.02371735717886944,
      3
    ],
    "filt": [
      0.9733703703703704,
      0.01024085794588338,
      0.22996296296296295,
      0.01903653263490872,
      3
    ],
    "verif": [
      0.7436666666666666,
      0.011897712198383176,
      0.03733333333333333,
      0.020270394394014363,
      3
    ],
    "flr": [
      0.9498222222222221,
      0.006334931572218581,
      0.0016000000000000003,
      0.001918847390659814,
      5
    ],
    "anti": [
      0.9428333333333332,
      0.003500000000000003,
      0.00022222222222222223,
      0.00022222222222222223,
      2
    ],